player_name,salary,bwar,position,team
A.J. Alexy,0,0,SP,TEX
A.J. Cole,1000000,0,RP,TOR
A.J. Minter,1300000,-0.005031056,RP,ATL
A.J. Puk,0,0,RP,OAK
Aaron Ashby,0,0.015,RP,MIL
Aaron Bummer,2000000,0,RP,CHW
Aaron Civale,0,0.02,SP,CLE
Aaron Fletcher,0,0,RP,SEA
Aaron Hicks,10785714,-0.09,CF,NYY
Aaron Judge,10175000,5.72,RF,NYY
Aaron Loup,3000000,0,RP,NYM
Aaron Nola,12250000,0.32,SP,PHI
Aaron Northcraft,0,0,RP,SDP
Aaron Sanchez,4000000,-0.105,SP,SFG
Aaron Slegers,0,0,RP,LAA
Abraham Almonte,570000,-0.412546584,LF,ATL
Abraham Toro,0,1.2000000000000002,2B,SEA
Adalberto Mondesí,2520000,0.65,3B,KCR
Adam Cimber,925000,-0.01,RP,TOR
Adam Conley,0,0,RP,TBR
Adam Duvall,0,2.86242236,RF,MIA
Adam Eaton,7000000,-0.5399999999999999,RP,CHW
Adam Engel,1350000,1.525,CF,CHW
Adam Frazier,4300000,3.815,2B,PIT
Adam Haseley,0,-0.31,CF,PHI
Adam Kolarek,0,0,RP,OAK
Adam Morgan,900000,0,RP,CHC
Adam Ottavino,0,0,RP,BOS
Adam Plutko,0,0,RP,BAL
Adam Wainwright,8000000,0.145,SP,STL
Adbert Alzolay,0,-0.155,SP,CHC
Adolis García,0,3.6,CF,TEX
Adonis Medina,0,-0.005,RP,PHI
Adrian Houser,0,0.005,SP,MIL
Adrián Morejón,0,-0.005,SP,SDP
Adrian Sampson,0,-0.125,SP,CHC
Adrian Sanchez,0,0.12,2B,WSN
AJ Pollock,18000000,3.08,LF,LAD
AJ Ramos,100000,0,RP,LAA
Akeem Bostick,0,0,RP,NYM
Akil Baddoo,0,1.97,CF,DET
Albert Abreu,0,0,RP,NYY
Albert Almora,100000,-0.58,RP,NYM
Albert Pujols,30000000,-0.36,1B,LAD
Alberto Baldonado,0,0,RP,WSN
Alcides Escobar,0,1.55,SS,WSN
Alec Bettinger,0,-0.005,RP,MIL
Alec Bohm,0,-0.77,3B,PHI
Alec Mills,0,-0.32,SP,CHC
Aledmys Díaz,3000000,1.44,3B,HOU
Alejandro Kirk,0,0.8,C,TOR
Alek Manoah,0,-0.005,SP,TOR
Alex Avila,0,0.46,C,WSN
Alex Blandino,0,-0.15,RP,CIN
Alex Bregman,13000000,2.16,3B,HOU
Alex Claudio,1125000,0,RP,LAA
Alex Cobb,15000000,-0.005,SP,LAA
Alex Colome,5000000,0,RP,MIN
Alex De Goti,0,0.075,2B,HOU
Alex Dickerson,2000000,0,LF,SFG
Alex Jackson,0,-0.45173913,C,MIA
Alex Kirilloff,0,0.44,1B,MIN
Alex Lange,0,0,RP,DET
Alex McRae,0,0,RP,CHW
Alex Reyes,900000,-0.005,RP,STL
Alex Verdugo,0,2.08,LF,BOS
Alex Vesia,0,0.005,RP,LAD
Alex Wood,3000000,-0.235,SP,SFG
Alex Young,0,-0.025,RP,ARI
Alexander Wells,0,0,SP,BAL
Ali Sanchez,0,0.03,C,STL
Amed Rosario,2400000,2.17,SS,CLE
Amir Garrett,1500000,0,RP,CIN
Anderson Tejeda,0,-0.125,3B,TEX
Andre Jackson,0,-0.025,RP,LAD
Andre Scrubb,0,0,RP,HOU
Andrelton Simmons,10500000,1.135,SS,MIN
Andres Gimenez,0,0.82,SS,CLE
Andres Machado,0,0,RP,WSN
Andres Munoz,0,0,RP,SEA
Andrew Albers,100000,0,SP,MIN
Andrew Bellatti,0,0,RP,MIA
Andrew Benintendi,6600000,2.115,LF,KCR
Andrew Chafin,2250000,0,RP,CHC
Andrew Heaney,6750000,0.09999999999999999,SP,LAA
Andrew Kittredge,0,0,RP,TBR
Andrew Knapp,1100000,-1.285,RP,PHI
Andrew Knizner,0,-0.605,C,STL
Andrew McCutchen,20000000,1.53,LF,PHI
Andrew Miller,12000000,0,RP,STL
Andrew Romine,100000,-0.19,RP,CHC
Andrew Vasquez,0,0,RP,LAD
Andrew Vaughn,0,-0.015,LF,CHW
Andrew Velazquez,0,-0.105,SS,NYY
Andrew Wantz,0,0,RP,LAA
Andy Burns,100000,0.05,RP,LAD
Andy Ibáñez,0,1.52,2B,TEX
Angel Perdomo,0,0,RP,MIL
Angel Rondon,0,0,RP,STL
Angel Zerpa,0,0,SP,KCR
Anthony Alford,0,0.375,LF,PIT
Anthony Banda,0,-0.005,RP,PIT
Anthony Bass,1000000,0,RP,MIA
Anthony Bemboom,0,-0.195,RP,LAA
Anthony Bender,0,-0.01,RP,MIA
Anthony Castro,0,0,RP,TOR
Anthony DeSclafani,6000000,-0.2,SP,SFG
Anthony Gose,0,0,RP,CLE
Anthony Kay,0,0,RP,TOR
Anthony Misiewicz,0,0,RP,SEA
Anthony Rendon,28071428,0.105,3B,LAA
Anthony Rizzo,16500000,1.8399999999999999,RP,CHC
Anthony Santander,2100000,0.145,RF,BAL
Anthony Swarzak,100000,0,RP,KCR
Antonio Santos,0,0,RP,COL
Antonio Senzatela,3000000,-0.482981366,SP,COL
Aramis Garcia,0,-0.31,C,OAK
Archie Bradley,6000000,-0.005,RP,PHI
Aristides Aquino,0,-0.21,LF,CIN
Aroldis Chapman,16000000,0,RP,NYY
Art Warren,0,0,RP,CIN
Asdrubal Cabrera,1750000,0.17999999999999994,RP,ARI
Asher Wojciechowski,100000,0,SP,NYY
Ashton Goudeau,0,0,RP,COL
Austin Adams,0,0,RP,SDP
Austin Allen,0,0.185,C,OAK
Austin Barnes,1650000,0.605,C,LAD
Austin Brice,870000,0,RP,BOS
Austin Davis,0,0.02,RP,BOS
Austin Gomber,0,-0.155962733,SP,COL
Austin Hays,0,2.65,LF,BAL
Austin Hedges,3280000,0.04,C,CLE
Austin Meadows,0,1.865,LF,TBR
Austin Nola,0,0.965,C,SDP
Austin Pruitt,0,0,RP,MIA
Austin Riley,0,5.428509317,3B,ATL
Austin Romine,1500000,-0.345,C,CHC
Austin Slater,1150000,1.495,RP,SFG
Austin Voth,0,0.11,RP,WSN
Austin Warren,0,0,RP,LAA
Austin Wynns,0,-0.745,RP,BAL
Avisail Garcia,10750000,2.8,RF,MIL
Bailey Falter,0,-0.08,RP,PHI
Bailey Ober,0,0.075,SP,MIN
Beau Burrows,0,0,RP,MIN
Ben Bowden,0,0,RP,COL
Ben Gamel,100000,0.024999999999999967,LF,PIT
Ben Rortvedt,0,0.07,C,MIN
Ben Rowen,0,0,RP,LAA
Bernardo Flores Jr.,0,0,RP,STL
Billy Hamilton,1250000,0.325,CF,CHW
Billy McKinney,0,-0.015000000000000013,RF,NYM
Blaine Hardy,0,0,RP,MIL
Blake Parker,570500,0,RP,CLE
Blake Snell,0,-0.095,SP,SDP
Blake Taylor,0,0,RP,HOU
Blake Treinen,8000000,0,RP,LAD
Bo Bichette,0,5.49,SS,TOR
Bobby Bradley,0,0.22,1B,CLE
Bobby Dalbec,0,0.36,1B,BOS
Brad Boxberger,100000,0,RP,MIL
Brad Brach,0,0,RP,CIN
Brad Hand,10500000,0,RP,WSN
Brad Keller,3350000,-0.09,SP,KCR
Brad Miller,3500000,0.48,1B,PHI
Brad Peacock,0,0,SP,BOS
Brad Wieck,0,0,RP,CHC
Braden Bishop,0,-0.07,LF,SEA
Bradley Zimmer,0,1.29,CF,CLE
Brady Lail,100000,0,RP,SEA
Brady Singer,0,0,SP,KCR
Brandon Belt,17200000,3.025,1B,SFG
Brandon Bielak,0,0,RP,HOU
Brandon Brennan,0,0,RP,BOS
Brandon Crawford,15200000,6.19,SS,SFG
Brandon Dickson,0,0,RP,STL
Brandon Drury,0,0.19,RP,NYM
Brandon Kintzler,3000000,0,RP,PHI
Brandon Lowe,2500000,4.79,2B,TBR
Brandon Marsh,0,0.46,CF,LAA
Brandon Nimmo,4700000,3.425,CF,NYM
Brandon Waddell,0,-0.005,RP,MIN
Brandon Woodruff,3275000,0.005,SP,MIL
Brandon Workman,100000,0,RP,BOS
Brandyn Sittinger,0,0,RP,ARI
Braxton Garrett,0,0.01,SP,MIA
Brendan Rodgers,0,1.267826087,2B,COL
Brent Honeywell Jr.,0,0,SP,TBR
Brent Rooker,0,-0.5,LF,MIN
Brent Suter,1550000,-0.025,RP,MIL
Brett Anderson,2500000,-0.17,SP,MIL
Brett de Geus,0,0,RP,ARI
Brett Gardner,2850000,1.05,CF,NYY
Brett Martin,0,0,RP,TEX
Brett Phillips,0,2.335,RP,TBR
Breyvic Valera,0,0.045,3B,TOR
Brian Anderson,3800000,1.265,3B,MIA
Brian Goodwin,0,-0.405,RF,CHW
Brian Miller,0,-0.025,LF,MIA
Brock Holt,1750000,-0.225,RP,TEX
Brody Koerner,0,0,RP,NYY
Brooks Kriske,0,0,RP,NYY
Brooks Raley,2000000,0,RP,HOU
Bruce Zimmermann,0,-0.025,SP,BAL
Brusdar Graterol,0,-0.01,RP,LAD
Bryan Abreu,0,0,RP,HOU
Bryan Baker,0,0,RP,TOR
Bryan De La Cruz,0,1.035,CF,MIA
Bryan Garcia,0,0,RP,DET
Bryan Holaday,100000,-0.155,RP,ARI
Bryan Mitchell,0,0,RP,MIA
Bryan Reynolds,0,6.025,CF,PIT
Bryan Shaw,1000000,0,RP,CLE
Bryce Harper,27538462,6.23,RF,PHI
Bryse Wilson,0,-0.13509316799999999,SP,ATL
Buck Farmer,1850000,0,RP,DET
Burch Smith,705000,0,RP,OAK
Buster Posey,22177778,4.18,C,SFG
Byron Buxton,5125000,4.32,CF,MIN
C.J. Cron,1000000,2.852608696,1B,COL
Cal Quantrill,0,0.07,SP,CLE
Cal Raleigh,0,-0.205,C,SEA
Caleb Baragar,0,-0.01,RP,SFG
Caleb Smith,1450000,0.045,RP,ARI
Caleb Thielbar,650000,0,RP,MIN
Cam Bedrosian,1500000,0,RP,PHI
Cam Gallagher,0,0.505,C,KCR
Cameron Maybin,0,-0.31,CF,NYM
Camilo Doval,0,0,RP,SFG
Carl Edwards Jr.,100000,0,RP,TOR
Carlos Carrasco,0,-0.16,SP,NYM
Carlos Correa,11700000,6.765,SS,HOU
Carlos Estevez,1450000,0,RP,COL
Carlos Hernandez,0,-0.025,RP,KCR
Carlos Martinez,11700000,-0.095,SP,STL
Carlos Rodon,3000000,-0.015,SP,CHW
Carlos Santana,7000000,-0.315,1B,KCR
Carson Fulmer,0,-0.015,RP,CIN
Carson Kelly,1700000,1.92,C,ARI
Carter Kieboom,0,-1.095,3B,WSN
Casey Mize,0,0.015,SP,DET
Casey Sadler,0,0,RP,SEA
Cavan Biggio,0,0.085,3B,TOR
Cedric Mullins,0,5.85,CF,BAL
Cesar Hernandez,5000000,1.0750000000000002,2B,CLE
Cesar Valdez,0,0,RP,BAL
Chad Green,2150000,0,RP,NYY
Chad Kuhl,2130000,-0.11,SP,PIT
Chad Pinder,2275000,0.035,RF,OAK
Chad Wallach,0,-0.53,C,MIA
Chadwick Tromp,0,-0.18,C,SFG
Chance Sisco,0,-0.43999999999999995,C,BAL
Charlie Barnes,0,-0.005,SP,MIN
Charlie Blackmon,21500000,0.759689441,RF,COL
Charlie Culberson,0,0.96,RP,TEX
Charlie Morton,15000000,-0.135838509,SP,ATL
Chas McCormick,0,2.315,LF,HOU
Chase Anderson,4000000,-0.18,SP,PHI
Chase De Jong,0,-0.02,SP,PIT
Chasen Shreve,1500000,0,RP,PIT
Chaz Roe,1150000,0,RP,TBR
Chi Chi Gonzalez,1100000,0.035217391,SP,COL
Chris Archer,6500000,0,SP,TBR
Chris Bassitt,4900000,-0.01,SP,OAK
Chris Devenski,1000000,0,RP,ARI
Chris Ellis,0,0,SP,BAL
Chris Flexen,1700000,-0.015,SP,SEA
Chris Gittens,0,-0.185,1B,NYY
Chris Martin,7000000,0,RP,ATL
Chris Mazza,0,0,RP,TBR
Chris Paddack,0,-0.215,SP,SDP
Chris Rodriguez,0,0,RP,LAA
Chris Sale,30000000,-0.005,SP,BOS
Chris Stratton,1100000,-0.01,RP,PIT
Chris Taylor,7800000,2.895,CF,LAD
Christian Arroyo,0,1.24,RP,BOS
Christian Vazquez,6250000,0.715,C,BOS
Christian Walker,0,0.395,1B,ARI
Christian Yelich,14000000,1.295,LF,MIL
Cionel Pérez,0,-0.015,RP,CIN
Clarke Schmidt,0,0.015,SP,NYY
Clay Holmes,0,-0.005,RP,PIT
Clayton Kershaw,31000000,0.215,SP,LAD
Codi Heuer,0,0,RP,CHW
Cody Bellinger,16100000,-1.27,CF,LAD
Cody Ponce,0,-0.09,RP,PIT
Cody Poteet,0,-0.03,SP,MIA
Cody Reed,0,0,RP,TBR
Cody Stashak,0,0,RP,MIN
Cole Irvin,0,0.065,SP,OAK
Cole Sulser,0,0,RP,BAL
Cole Tucker,0,-0.45,SS,PIT
Colin Moran,2800000,-0.155,1B,PIT
Colin Rea,0,-0.01,RP,MIL
Collin McHugh,0,0,RP,TBR
Colten Brewer,0,0,RP,BOS
Conner Greene,0,0,RP,BAL
Conner Menez,0,0,RP,SFG
Connor Brogdon,0,0,RP,PHI
Connor Joe,0,1.373478261,LF,COL
Connor Overton,0,0.08,RP,PIT
Connor Seabold,0,0,SP,BOS
Connor Wong,0,0.265,C,BOS
Cooper Criswell,0,0,SP,LAA
Corbin Burnes,0,0.09,SP,MIL
Corbin Martin,0,0.015,SP,ARI
Corey Dickerson,8750000,0.645,LF,MIA
Corey Kluber,11000000,-0.01,SP,NYY
Corey Knebel,5250000,-0.01,RP,LAD
Corey Oswalt,0,0.015,RP,NYM
Corey Ray,0,-0.01,RF,MIL
Corey Seager,13750000,3.7,SS,LAD
Cory Abbott,0,0.015,RP,CHC
Craig Kimbrel,16000000,-0.005,RP,CHC
Craig Stammen,4000000,0.015,RP,SDP
Cristian Javier,0,0,RP,HOU
Cristian Pache,0,-0.69931677,CF,ATL
Cristopher Sanchez,0,0,RP,PHI
Curt Casali,1500000,0.575,C,SFG
Curtis Terry,0,-0.71,DH,TEX
Dakota Hudson,0,0.085,SP,STL
Dallas Keuchel,18000000,-0.01,SP,CHW
Damon Jones,0,0,RP,PHI
Dan Altavilla,850000,0,RP,SDP
Dan Winkler,900000,-0.005,RP,CHC
Dane Dunning,0,0.08,SP,TEX
Daniel Bard,2925000,0.080496894,RP,COL
Daniel Camarena,0,0.12,RP,SDP
Daniel Castano,0,-0.07,SP,MIA
Daniel Hudson,6000000,0,RP,WSN
Daniel Johnson,0,-0.04,RF,CLE
Daniel Lynch,0,0,SP,KCR
Daniel Norris,3475000,-0.01,RP,DET
Daniel Ponce de Leon,0,-0.075,RP,STL
Daniel Robertson,900000,-0.345,RP,MIL
Daniel Vogelbach,1400000,-0.135,1B,MIL
Daniel Zamora,0,0,RP,SEA
Danny Coulombe,0,-0.005,RP,MIN
Danny Duffy,15500000,0,SP,KCR
Danny Jansen,0,1.355,C,TOR
Danny Mendick,0,-0.22,RP,CHW
Danny Santana,1750000,-0.23,1B,BOS
Dansby Swanson,6000000,2.646335404,SS,ATL
Darien Núñez,0,0,RP,LAD
Darin Ruf,1275000,2.905,RP,SFG
Darren McCaughan,0,-0.01,SP,SEA
Darren O'Day,1750000,0,RP,NYY
Darwinzon Hernandez,0,0,RP,BOS
Daulton Jefferies,0,0,RP,OAK
Daulton Varsho,0,1.945,C,ARI
Dauri Moreta,0,0,RP,CIN
David Bednar,0,-0.005,RP,PIT
David Bote,1010000,-0.63,2B,CHC
David Dahl,2700000,-0.925,LF,TEX
David Fletcher,2000000,1.365,2B,LAA
David Hale,850000,0,RP,PHI
David Hess,0,-0.02,RP,MIA
David Paulino,100000,0,RP,PHI
David Peralta,7500000,1.335,RP,ARI
David Peterson,0,-0.015,SP,NYM
David Phelps,1750000,0,RP,TOR
David Price,32000000,0.19,RP,LAD
David Robertson,0,0,RP,TBR
Daz Cameron,0,-0.025,RF,DET
Dean Kremer,0,0,SP,BAL
Deivi Garcia,0,0,SP,NYY
Delino DeShields,0,0.235,CF,CIN
Dellin Betances,6000000,0,RP,NYM
Demarcus Evans,0,0,RP,TEX
Dennis Santana,0,-0.01,RP,TEX
Deolis Guerra,570500,0,RP,OAK
Derek Fisher,0,0.01,RF,MIL
Derek Hill,0,0.185,CF,DET
Derek Holland,925000,0,RP,DET
Derek Law,0,0,RP,MIN
Deven Marrero,0,0.055,SS,MIA
Devin Smeltzer,0,0,RP,MIN
Devin Williams,0,0,RP,MIL
Dexter Fowler,16500000,-0.14,RF,LAA
Didi Gregorius,12750000,-0.845,SS,PHI
Diego Castillo,0,0,RP,TBR
Dietrich Enns,0,0,RP,TBR
Dillon Maples,0,0,RP,CHC
Dillon Peters,0,0.005,SP,PIT
Dillon Tate,0,0,RP,BAL
Dillon Thomas,0,-0.01,LF,SEA
Dinelson Lamet,4200000,-0.005,RP,SDP
DJ Johnson,0,0,RP,TBR
DJ LeMahieu,15000000,1.73,2B,NYY
DJ Peters,0,0.18,CF,TEX
DJ Stewart,0,0.005,LF,BAL
Dom Nunez,0,0.015093168,C,COL
Domingo Acevedo,0,0,RP,OAK
Domingo German,0,-0.015,SP,NYY
Domingo Leyba,0,-1.085,2B,BAL
Domingo Tapia,0,0,RP,KCR
Dominic Leone,0,0,RP,SFG
Dominic Smith,2550000,-0.83,LF,NYM
Donovan Solano,3250000,1.22,2B,SFG
Donovan Walton,0,-0.185,2B,SEA
Drew Anderson,0,0,RP,TEX
Drew Butera,0,-0.615,C,LAA
Drew Carlton,0,0,RP,DET
Drew Ellis,0,-0.715,3B,ARI
Drew Hutchison,100000,-0.005,RP,DET
Drew Pomeranz,8000000,0,RP,SDP
Drew Rasmussen,0,0.015,RP,TBR
Drew Smith,0,-0.005,RP,NYM
Drew Smyly,11000000,-0.347142857,SP,ATL
Drew Steckenrider,0,0,RP,SEA
Duane Underwood Jr.,0,-0.02,RP,PIT
Dusten Knight,0,0,RP,BAL
Dustin Fowler,0,-0.38,CF,PIT
Dustin Garneau,100000,0.48,C,DET
Dustin May,0,-0.025,SP,LAD
Dylan Bundy,8325000,0.015,SP,LAA
Dylan Carlson,0,2.93,RF,STL
Dylan Cease,0,0.16,SP,CHW
Dylan Coleman,0,0,RP,KCR
Dylan Floro,0,0,RP,MIA
Dylan Lee,0,0,RP,ATL
Dylan Moore,0,0.99,2B,SEA
Eddie Rosario,8000000,0.8884472050000001,LF,CLE
Eddy Alvarez,0,-0.03,3B,MIA
Edgar Garcia,0,0,RP,MIN
Edgar Santana,0,-0.005031056,RP,ATL
Edmundo Sosa,0,2.495,SS,STL
Eduard Bazardo,0,0,RP,BOS
Eduardo Escobar,7666667,2.4650000000000003,3B,ARI
Eduardo Rodriguez,8300000,-0.1,SP,BOS
Edward Cabrera,0,0.01,SP,MIA
Edward Olivares,0,0.02,RF,KCR
Edwin Díaz,7000000,0,RP,NYM
Edwin Rios,0,-0.635,1B,LAD
Edwin Uceta,0,0.015,RP,LAD
Eli Morgan,0,-0.01,SP,CLE
Eli White,0,-0.045,LF,TEX
Elias Diaz,1200000,1.92689441,C,COL
Elieser Hernandez,0,-0.09,SP,MIA
Eloy Jiménez,4333334,0.585,LF,CHW
Elvis Andrus,14250000,1.05,SS,OAK
Elvis Peguero,0,0,RP,LAA
Emilio Pagan,1570000,-0.01,RP,SDP
Emmanuel Clase,0,0,RP,CLE
Emmanuel Rivera,0,0.16,3B,KCR
Ender Inciarte,8700000,-0.050310559,CF,ATL
Enoli Paredes,0,0,RP,HOU
Enrique Hernandez,6000000,4.485,CF,BOS
Enyel De Los Santos,0,0,RP,PHI
Erasmo Ramirez,800000,0,RP,DET
Eric Campbell,0,0.015,3B,SEA
Eric Haase,0,1.515,C,DET
Eric Hanhold,0,0,RP,BAL
Eric Hosmer,21000000,0.785,1B,SDP
Eric Lauer,0,0.26,SP,MIL
Eric Sogard,1000000,-0.635,RP,CHC
Eric Yardley,0,0,RP,MIL
Erick Castillo,0,0.12,C,CHC
Erick Fedde,0,-0.395,SP,WSN
Erik Gonzalez,1225000,-0.55,3B,PIT
Erik Swanson,0,0,RP,SEA
Ernie Clement,0,0.205,2B,CLE
Ervin Santana,0,0,RP,KCR
Estevan Florial,0,0.315,CF,NYY
Eugenio Suarez,10785714,-0.4,3B,CIN
Evan Longoria,18666666,1.78,3B,SFG
Evan Marshall,2000000,0,RP,CHW
Evan Phillips,0,-0.015,RP,LAD
Evan White,1300000,-0.665,1B,SEA
Félix Peña,1100000,0,RP,LAA
Fernando Abad,0,0,RP,BAL
Fernando Tatis Jr.,1714286,6.96,SS,SDP
Framber Valdez,0,-0.025,SP,HOU
Franchy Cordero,0,-0.735,LF,BOS
Francisco Lindor,22300000,3.65,SS,NYM
Francisco Mejia,0,1.49,RP,TBR
Francisco Perez,0,0,RP,CLE
Frank Schwindel,0,1.755,1B,CHC
Frankie Montas,1800000,-0.02,SP,OAK
Franmil Reyes,0,1.4,DH,CLE
Freddie Freeman,22000000,4.804658385,1B,ATL
Freddy Galvis,1500000,1.155,SS,BAL
Freddy Peralta,1234960,-0.2,SP,MIL
Gabe Klobosits,0,0,RP,WSN
Gabe Speier,0,0,RP,KCR
Garrett Cleavinger,0,0.1,RP,LAD
Garrett Cooper,1800000,0.975,RF,MIA
Garrett Crochet,0,0,RP,CHW
Garrett Hampson,0,0.533291925,CF,COL
Garrett Richards,8500000,0.025,SP,BOS
Garrett Stubbs,0,-0.105,C,HOU
Garrett Whitlock,0,0.075,RP,BOS
Gary Sanchez,6350000,1.09,C,NYY
Gavin Lux,0,1.355,SS,LAD
Gavin Sheets,0,0.235,DH,CHW
Genesis Cabrera,0,0,RP,STL
Geoff Hartlieb,0,0,RP,PIT
George Springer,23666667,2.38,CF,TOR
Geraldo Perdomo,0,0.265,SS,ARI
German Marquez,7800000,0.729503106,SP,COL
Gerrit Cole,36000000,0,SP,NYY
Giancarlo Stanton,29000000,2.74,DH,NYY
Gilberto Celestino,0,-0.5,CF,MIN
Gio Urshela,4650000,0.665,3B,NYY
Giovanny Gallegos,0,0,RP,STL
Glenn Otto,0,0,SP,TEX
Gleyber Torres,4000000,0.99,SS,NYY
Grant Dayton,900000,0,RP,ATL
Grayson Greiner,0,0.085,C,DET
Greg Allen,0,0.46,RF,NYY
Greg Deichmann,0,-0.38,RF,CHC
Greg Holland,2750000,0,RP,KCR
Gregory Polanco,11600000,-1.2,RF,PIT
Gregory Santos,0,0,RP,SFG
Gregory Soto,0,0,RP,DET
Griffin Canning,0,0.005,SP,LAA
Griffin Jax,0,-0.015,SP,MIN
Guillermo Heredia,0,0.659068323,CF,ATL
Hans Crouse,0,-0.005,SP,PHI
Hansel Robles,2000000,0,RP,MIN
Hanser Alberto,1650000,0.485,RP,KCR
Harold Castro,0,-0.375,RP,DET
Harold Ramirez,0,0.035,LF,CLE
Harrison Bader,2000000,3.595,CF,STL
Heath Hembree,1250000,-0.005,RP,CIN
Hector Neris,5000000,-0.005,RP,PHI
Hector Santiago,0,0,RP,SEA
Henry Ramos,0,-0.415,RF,ARI
Hernan Perez,100000,-0.33,RP,WSN
Hirokazu Sawamura,1200000,0,RP,BOS
Hoby Milner,570500,0.015,RP,MIL
Hoy Park,0,-0.08,2B,PIT
Huascar Ynoa,0,0.362236025,SP,ATL
Humberto Arteaga,0,-0.1,SS,WSN
Humberto Castellanos,0,0.22,SP,ARI
Humberto Mejia,0,0.01,SP,ARI
Hunter Dozier,2500000,-1.715,RF,KCR
Hunter Harvey,0,0,RP,BAL
Hunter Renfroe,3100000,2.18,RF,BOS
Hunter Strickland,570500,-0.01,RP,MIL
Hunter Wood,570500,0,RP,TEX
Hyeon-jong Yang,0,0,RP,TEX
Hyun Jin Ryu,20000000,-0.025,SP,TOR
Ian Anderson,0,-0.22136646,SP,ATL
Ian Gibaut,0,0,RP,MIN
Ian Happ,4100000,1.4,LF,CHC
Ian Kennedy,2150000,0,RP,TEX
Ian Krol,0,0,RP,DET
Isaac Mattson,0,0,RP,BAL
Isaac Paredes,0,-0.235,2B,DET
Isan Diaz,0,-1.165,3B,MIA
Isiah Kiner-Falefa,2000000,2.735,SS,TEX
J.A. Happ,8000000,-0.1,SP,MIN
J.B. Bukauskas,0,0,RP,ARI
J.B. Wendelken,0,0,RP,OAK
J.C. Mejia,0,-0.005,SP,CLE
J.D. Davis,2100000,1.1,3B,NYM
J.D. Hammer,0,-0.005,RP,PHI
J.D. Martinez,19350000,2.94,DH,BOS
J.P. Crawford,2050000,3.545,SS,SEA
J.P. Feyereisen,0,0,RP,TBR
J.T. Realmuto,20000000,3.945,C,PHI
Jace Fry,863000,0,RP,CHW
Jace Peterson,570500,0.775,RP,MIL
Jack Flaherty,3900000,0.32,SP,STL
Jack Kruger,0,0,C,LAA
Jack Lopez,0,-0.02,2B,BOS
Jack Mayfield,0,0.37999999999999995,RP,LAA
Jackie Bradley Jr.,13000000,-1.13,CF,MIL
Jackson Frazier,2100000,-1.305,LF,NYY
Jackson Kowar,0,0,SP,KCR
Jacob Barnes,750000,0,RP,NYM
Jacob deGrom,35500000,0.61,SP,NYM
Jacob Nottingham,0,-0.165,DH,SEA
Jacob Robson,0,-0.195,LF,DET
Jacob Stallings,1300000,2.81,C,PIT
Jacob Webb,0,-0.015093168,RP,ATL
Jacob Wilson,0,-0.034999999999999996,3B,OAK
JaCoby Jones,2650000,-0.775,CF,DET
Jahmai Jones,0,-0.81,2B,BAL
Jaime Barria,0,-0.015,SP,LAA
Jake Arrieta,4000000,0.18,SP,CHC
Jake Bauers,0,-0.34500000000000003,1B,SEA
Jake Brentz,0,0.025,RP,KCR
Jake Burger,0,0.315,3B,CHW
Jake Cave,0,-0.62,LF,MIN
Jake Cousins,0,0,RP,MIL
Jake Cronenworth,0,4.4,RP,SDP
Jake Diekman,4000000,-0.005,RP,OAK
Jake Faria,0,0.09,RP,ARI
Jake Fraley,0,1.2,LF,SEA
Jake Jewell,0,-0.005,RP,CHC
Jake Lamb,1000000,-0.13,3B,CHW
Jake Latz,0,0,SP,TEX
Jake Marisnick,1000000,0.215,CF,CHC
Jake McCarthy,0,0.37,CF,ARI
Jake McGee,2000000,0,RP,SFG
Jake Meyers,0,1.21,CF,HOU
Jake Newberry,0,0,RP,KCR
Jake Odorizzi,9000000,-0.005,SP,HOU
Jake Petricka,0,0,RP,LAA
Jake Reed,0,-0.005,RP,LAD
Jake Rogers,0,1.1,RP,DET
Jake Woodford,0,-0.085,RP,STL
Jakob Junis,1700000,-0.01,RP,KCR
Jakson Reetz,0,0.085,C,WSN
James Hoyt,0,0,RP,LAA
James Kaprielian,0,0.08,SP,OAK
James Karinchak,0,0,RP,CLE
James McCann,8150000,0.14,C,NYM
James Norwood,0,0,RP,SDP
James Paxton,8500000,0,SP,SEA
James Sherfy,570500,-0.005,RP,SFG
Jameson Taillon,0,0.02,SP,NYY
Jandel Gustave,0,-0.01,RP,MIL
Janson Junk,0,0,SP,LAA
Jared Hoying,0,-0.09,LF,TOR
Jared Oliva,0,-0.395,RF,PIT
Jared Walsh,0,2.615,1B,LAA
Jarlin Garcia,950000,-0.01,RP,SFG
Jarred Kelenic,0,-1.1,CF,SEA
Jarren Duran,0,-0.54,CF,BOS
Jarrod Dyson,1500000,-0.025,CF,KCR
Jason Adam,0,0,RP,CHC
Jason Castro,3500000,1.065,C,HOU
Jason Foley,0,0,RP,DET
Jason Heyward,21000000,0.235,RF,CHC
Jason Martin,0,-0.22,LF,TEX
Jason Vosler,0,-0.695,3B,SFG
Javier Baez,11600000,4.215,SS,CHC
Javy Guerra,100000,-0.005,RP,WSN
Jay Bruce,1350000,-0.37,1B,NYY
Jay Flaa,0,0,RP,ATL
Jay Jackson,0,-0.005,RP,SFG
Jazz Chisholm Jr.,0,2.26,2B,MIA
Jean Segura,14850000,3.515,2B,PHI
Jed Lowrie,1500000,0.365,2B,OAK
Jeff Hoffman,0,0.005,RP,CIN
Jeff Mathis,100000,-0.211304348,C,ATL
Jeff McNeil,0,1.34,2B,NYM
Jeffrey Springs,0,0,RP,TBR
Jefry Rodriguez,0,-0.01,RP,WSN
Jeimer Candelario,2850000,3.8,3B,DET
Jerad Eickhoff,0,0.085,SP,NYM
Jeremy Beasley,0,0,RP,TOR
Jesse Biddle,0,0,RP,ATL
Jesse Chavez,0,-0.020124224,RP,ATL
Jesse Hahn,1750000,0,RP,KCR
Jesse Winker,3150000,2.865,LF,CIN
Jesus Aguilar,4300000,1.415,1B,MIA
Jesus Luzardo,0,0.05,SP,OAK
Jesus Sanchez,0,1.085,RF,MIA
Jesus Tinoco,0,0,RP,COL
Jeurys Familia,11666667,0,RP,NYM
Jharel Cotton,0,0,RP,TEX
Jhon Romero,0,0,RP,WSN
Jhonathan Diaz,0,0,SP,LAA
Jhoulys Chacin,800000,-0.095590062,RP,COL
Ji-Man Choi,2450000,0.97,1B,TBR
Jimmy Herget,700000,0,RP,LAA
Jimmy Lambert,0,0,SP,CHW
Jimmy Nelson,0,-0.015,RP,LAD
Jo Adell,0,0.2,LF,LAA
Joakim Soria,3500000,0,RP,ARI
Joan Adon,0,-0.01,SP,WSN
Joc Pederson,4500000,0.09167701900000003,LF,CHC
Joe Barlow,0,0,RP,TEX
Joe Biagini,100000,0,RP,CHC
Joe Jimenez,1500000,0,RP,DET
Joe Kelly,8833334,-0.015,RP,LAD
Joe Mantiply,0,0,RP,ARI
Joe Musgrove,0,-0.32,SP,SDP
Joe Panik,1850000,-1.355,3B,MIA
Joe Ross,1500000,0.44,SP,WSN
Joe Ryan,0,-0.01,SP,MIN
Joe Smith,4000000,0,RP,HOU
Joel Payamps,0,0,RP,TOR
Joely Rodriguez,2500000,0,RP,TEX
Joey Bart,0,0,C,SFG
Joey Gallo,6200000,4.525,RF,TEX
Joey Krehbiel,100000,0,RP,BAL
Joey Lucchesi,0,-0.08,SP,NYM
Joey Votto,25000000,3.605,1B,CIN
Joey Wendle,2250000,3.33,3B,TBR
Johan Oviedo,0,0.11,SP,STL
John Andreoli,0,0.005,LF,SDP
John Axford,0,0,RP,MIL
John Brebbia,800000,-0.005,RP,SFG
John Curtiss,0,-0.085,RP,MIA
John Gant,2100000,-0.195,SP,STL
John Hicks,0,0.29,C,TEX
John King,0,-0.005,RP,TEX
John Means,0,0.035,SP,BAL
John Nogowski,0,-0.45,RP,PIT
John Schreiber,0,0,RP,BOS
Johneshwy Fargas,0,-0.01999999999999999,CF,CHC
Johnny Cueto,21833334,-0.01,SP,SFG
JoJo Romero,0,0,RP,PHI
Jon Berti,0,0.515,3B,MIA
Jon Duplantier,0,0.015,SP,ARI
Jon Gray,6000000,-0.311925466,SP,COL
Jon Jay,100000,0.025,LF,LAA
Jon Lester,0,0.28500000000000003,SP,WSN
Jonah Heim,0,0.53,C,TEX
Jonathan Arauz,0,0.02,RP,BOS
Jonathan Davis,0,-0.455,CF,TOR
Jonathan Heasley,0,0,SP,KCR
Jonathan India,0,3.48,2B,CIN
Jonathan Loaisiga,0,0,RP,NYY
Jonathan Lucroy,0,0.085496894,C,WSN
Jonathan Schoop,4500000,2,1B,DET
Jonathan Stiever,0,0,RP,CHW
Jonathan Villar,3550000,2.12,3B,NYM
Jordan Hicks,863000,0,RP,STL
Jordan Holloway,0,-0.02,RP,MIA
Jordan Luplow,0,0.54,RP,CLE
Jordan Lyles,8000000,-0.085,SP,TEX
Jordan Montgomery,2130000,-0.02,SP,NYY
Jordan Romano,0,0,RP,TOR
Jordan Sheffield,0,0,RP,COL
Jordan Weems,0,0,RP,OAK
Jordan Yamamoto,0,0.075,SP,NYM
Jordan Zimmermann,100000,-0.005,RP,MIL
Jordy Mercer,1000000,0.095,2B,WSN
Jorge Alcala,0,0,RP,MIN
Jorge Alfaro,2050000,0.155,C,MIA
Jorge Bonifacio,0,-0.23,CF,PHI
Jorge Guzman,0,0,RP,MIA
Jorge Lopez,0,-0.01,SP,BAL
Jorge Polanco,4333333,4.51,2B,MIN
Jorge Soler,8050000,-0.29363353999999986,RF,KCR
José Abreu,17666666,2.855,1B,CHW
Jose Altuve,29000000,4.97,2B,HOU
Jose Alvarado,1000000,0,RP,PHI
Jose Alvarez,1050000,0.1,RP,SFG
José Barrero,0,0.07,SS,CIN
Jose Berrios,6100000,-0.035,SP,MIN
Jose Cisnero,970000,0,RP,DET
Jose De Leon,0,0.01,RP,CIN
Jose Devers,0,-0.165,2B,MIA
Jose Godoy,0,-0.215,C,SEA
José Iglesias,0,0.5599999999999999,SS,LAA
Jose Lobaton,570500,-0.28,C,CHC
Jose Marmolejos,0,-0.545,1B,SEA
Jose Marte,0,0,RP,LAA
Jose Peraza,570500,0.315,2B,NYM
Jose Quijada,0,0,RP,LAA
Jose Quintana,8000000,0.105,RP,LAA
Jose Ramirez,9400000,6.615,3B,CLE
Jose Rojas,0,-0.41,RF,LAA
Jose Ruiz,0,-0.005,RP,CHW
Jose Siri,0,0.4,RF,HOU
Jose Suarez,0,-0.005,SP,LAA
Jose Trevino,0,0.36,C,TEX
Jose Urena,3250000,-0.005,SP,DET
Jose Urquidy,0,0.015,SP,HOU
Joseph Odom,0,-0.02,C,TBR
Josh Bell,6350000,2.49,1B,WSN
Josh Donaldson,21750000,3.045,3B,MIN
Josh Fleming,0,-0.005,RP,TBR
Josh Hader,6675000,0,RP,MIL
Josh Harrison,1000000,2.125,2B,WSN
Josh James,0,0,RP,HOU
Josh Lindblom,3041666,-0.005,RP,MIL
Josh Lowe,0,0.095,LF,TBR
Josh Naylor,0,0.125,RF,CLE
Josh Osich,100000,0,RP,CIN
Josh Palacios,0,0.065,RF,TOR
Josh Reddick,0,-0.35,RP,ARI
Josh Rogers,0,-0.085,SP,WSN
Josh Rojas,0,1.295,2B,ARI
Josh Sborz,0,-0.005,RP,TEX
Josh Staumont,0,0,RP,KCR
Josh Taylor,0,0,RP,BOS
Josh Tomlin,1000000,0.090559006,RP,ATL
Josh VanMeter,0,-0.345,2B,ARI
Joshua Fuentes,0,-0.19621118,RP,COL
Josiah Gray,0,-0.115,SP,WSN
Jovani Moran,0,0,RP,MIN
JT Brubaker,0,-0.03,SP,PIT
JT Chargois,570500,0,RP,SEA
JT Riddle,100000,0.135,SS,MIN
Juan Lagares,1250000,-0.245,CF,LAA
Juan Minaya,0,0,RP,MIN
Juan Soto,8500000,7.06,RF,WSN
Julian Fernandez,0,0,RP,COL
Julian Merryweather,0,0,RP,TOR
Julio Teheran,3000000,0,SP,DET
Julio Urias,3600000,0.36,SP,LAD
Junior Fernandez,0,-0.005,RP,STL
Junior Guerra,0,-0.01,RP,LAA
Jurickson Profar,4333333,-0.29,LF,SDP
Justin Bruihl,0,0.015,RP,LAD
Justin Dunn,0,0.085,SP,SEA
Justin Garza,0,0,RP,CLE
Justin Lawrence,0,0,RP,COL
Justin Miller,0,0,RP,STL
Justin Steele,0,0.01,RP,CHC
Justin Topa,0,-0.005,RP,MIL
Justin Turner,12000000,3.995,RP,LAD
Justin Upton,23000000,-0.305,LF,LAA
Justin Williams,0,-0.63,RF,STL
Justin Wilson,2850000,0,RP,CIN
Justus Sheffield,0,0.075,SP,SEA
Ka'ai Tom,0,-0.62,RP,PIT
Kaleb Ort,0,0,RP,BOS
Ke'Bryan Hayes,0,2.175,3B,PIT
Keegan Akin,0,-0.01,SP,BAL
Keegan Thompson,0,-0.005,RP,CHC
Keibert Ruiz,0,0.42,C,WSN
Kelvin Gutierrez,0,-0.19999999999999996,3B,BAL
Kendall Graveman,1250000,0,RP,SEA
Kenley Jansen,20000000,-0.005,RP,LAD
Kent Emanuel,0,0,RP,HOU
Kenta Maeda,3125000,0.02,SP,MIN
Keone Kela,1200000,0,RP,SDP
Kervin Castro,0,0,RP,SFG
Keston Hiura,0,-0.895,1B,MIL
Ketel Marte,6400000,2.05,CF,ARI
Keury Mella,0,0,RP,ARI
Kevan Smith,0,-0.694223602,C,ATL
Kevin Gausman,18900000,0.19,SP,SFG
Kevin Ginkel,0,0,RP,ARI
Kevin Kiermaier,11166666,3,CF,TBR
Kevin Newman,0,0.195,SS,PIT
Kevin Padlo,0,-0.045,3B,TBR
Kevin Pillar,3600000,0.65,RP,NYM
Kevin Plawecki,1600000,0.34,RP,BOS
Kevin Quackenbush,0,0,RP,LAD
Kevin Smith,0,-0.255,3B,TOR
Keynan Middleton,800000,0,RP,SEA
Khalil Lee,0,-0.38,RF,NYM
Khris Davis,16750000,-0.325,DH,OAK
Kirby Snead,0,0,RP,TOR
Kodi Whitley,0,0,RP,STL
Kohei Arihara,0,-0.01,SP,TEX
Kohl Stewart,0,0.02,SP,CHC
Kolby Allard,0,-0.01,SP,TEX
Kole Calhoun,8000000,-0.095,RF,ARI
Kolten Wong,7500000,2.83,2B,MIL
Konner Wade,0,0,RP,BAL
Kris Bryant,19500000,3.13,3B,CHC
Kris Bubic,0,-0.08,SP,KCR
Kurt Suzuki,1500000,-0.415,C,LAA
Kutter Crawford,0,0,SP,BOS
Kwang Hyun Kim,4000000,0.1,SP,STL
Kyle Barraclough,0,0,RP,MIN
Kyle Cody,0,0,RP,TEX
Kyle Crick,800000,0,RP,PIT
Kyle Dohy,0,0,RP,PHI
Kyle Farmer,640000,1.595,SS,CIN
Kyle Finnegan,0,0,RP,WSN
Kyle Freeland,5020000,-0.105652174,SP,COL
Kyle Funkhouser,0,0,RP,DET
Kyle Garlick,0,0.19,RF,MIN
Kyle Gibson,9666666,0.1,SP,TEX
Kyle Hendricks,14000000,-0.03,SP,CHC
Kyle Higashioka,0,0.52,C,NYY
Kyle Isbel,0,0.435,RF,KCR
Kyle Keller,0,0,RP,PIT
Kyle Lewis,0,0.455,CF,SEA
Kyle Lobstein,0,0,RP,WSN
Kyle McGowin,0,-0.005,RP,WSN
Kyle Muller,0,-0.010062112,SP,ATL
Kyle Nelson,0,0,RP,CLE
Kyle Ryan,800000,-0.01,RP,CHC
Kyle Schwarber,7000000,2.98,LF,WSN
Kyle Seager,18500000,2.275,3B,SEA
Kyle Tucker,0,5.305,RF,HOU
Kyle Tyler,0,0,RP,LAA
Kyle Wright,0,0.08552795,SP,ATL
Kyle Zimmer,0,0,RP,KCR
LaMonte Wade Jr.,0,1.41,RF,SFG
Lance Lynn,0,0.01,SP,CHW
Lance McCullers Jr.,6500000,-0.03,SP,HOU
Lane Thomas,0,0.755,CF,WSN
Lars Nootbaar,0,0.65,RF,STL
Leody Taveras,0,-0.185,CF,TEX
Leury Garcia,3500000,1.955,2B,CHW
Lewin Diaz,0,0.52,1B,MIA
Lewis Brinson,0,0.075,LF,MIA
Lewis Thorpe,0,0,SP,MIN
Liam Hendriks,11333333,0,RP,CHW
Ljay Newsome,0,0,RP,SEA
Logan Allen,0,-0.005,SP,CLE
Logan Gilbert,0,0,SP,SEA
Logan Webb,0,0.26,SP,SFG
Lorenzo Cain,17000000,1.865,CF,MIL
Lou Trivino,912000,0,RP,OAK
Louis Head,0,0,RP,TBR
Lourdes Gurriel Jr.,3928571,2.225,LF,TOR
Lucas Gilbreath,0,0,RP,COL
Lucas Giolito,4150000,0.015,SP,CHW
Lucas Luetge,0,0,RP,NYY
Lucas Sims,0,-0.015,RP,CIN
Luis Arraez,0,2.465,3B,MIN
Luis Avilan,0,0,RP,WSN
Luis Barrera,0,0.035,LF,OAK
Luis Campusano,0,-0.57,C,SDP
Luis Castillo,4200000,0.085,SP,CIN
Luis Cessa,1050000,0,RP,NYY
Luis Frias,0,0,RP,ARI
Luis Garcia,0,-0.20500000000000002,RP,WSN
Luis Gil,0,0,SP,NYY
Luis Gonzalez,0,0.135,RF,CHW
Luis Guillorme,0,0.47,RP,NYM
Luis Madero,0,0.005,RP,MIA
Luis Marte,0,-0.065,2B,MIA
Luis Oviedo,0,0,RP,PIT
Luis Patino,0,0,SP,TBR
Luis Rengifo,0,-0.65,SS,LAA
Luis Robert,3500000,3.495,CF,CHW
Luis Severino,10750000,0,RP,NYY
Luis Torrens,0,0.635,DH,SEA
Luis Urias,0,2.565,3B,MIL
Luke Farrell,0,0,RP,MIN
Luke Jackson,1900000,0,RP,ATL
Luke Maile,0,0.275,RP,MIL
Luke Raley,0,-0.41,RF,LAD
Luke Voit,4700000,0.235,1B,NYY
Luke Weaver,1950000,0.03,SP,ARI
Mac Sceroler,0,0,RP,BAL
Madison Bumgarner,19000000,0.28,SP,ARI
Magneuris Sierra,0,0.005,CF,MIA
Maikel Franco,800000,-1.13,3B,BAL
Manny Barreda,0,0,RP,BAL
Manny Machado,32000000,4.62,3B,SDP
Manny Pina,1650000,1.4,C,MIL
Manuel Margot,3400000,2.575,RF,TBR
Manuel Rodríguez,0,-0.005,RP,CHC
Marcell Ozuna,12000000,-0.246521739,LF,ATL
Marco Gonzales,5250000,-0.01,SP,SEA
Marcos Diplan,0,0,RP,BAL
Marcus Semien,18000000,6.725,2B,TOR
Marcus Stroman,18900000,0.19,SP,NYM
Mark Canha,6920000,2.77,LF,OAK
Mark Melancon,2000000,0.01,RP,SDP
Martin Maldonado,3500000,0.08,C,HOU
Martin Perez,4500000,-0.02,SP,BOS
Marwin Gonzalez,3000000,-0.615,RP,BOS
Mason Thompson,0,0,RP,WSN
Mason Williams,0,-0.03,CF,NYM
Matt Andriese,1850000,0,RP,BOS
Matt Barnes,4500000,0,RP,BOS
Matt Bush,0,0,RP,TEX
Matt Carpenter,18500000,-0.675,RP,STL
Matt Chapman,6490000,3.765,3B,OAK
Matt Duffy,1000000,1.22,RP,CHC
Matt Foster,0,0,RP,CHW
Matt Harvey,1000000,-0.085,SP,BAL
Matt Manning,0,-0.005,SP,DET
Matt Moore,0,-0.21,SP,PHI
Matt Olson,5000000,5.355,1B,OAK
Matt Peacock,0,0.2,RP,ARI
Matt Shoemaker,2000000,0,SP,MIN
Matt Strahm,2000000,0,RP,SDP
Matt Thaiss,0,-0.04,1B,LAA
Matt Wisler,1150000,-0.005,RP,TBR
Matthew Boyd,6500000,0.105,SP,DET
Mauricio Dubon,0,0.235,CF,SFG
Mauricio Llovera,0,0,RP,PHI
Max Fried,3500000,0.734534161,SP,ATL
Max Kepler,6500000,2.14,RF,MIN
Max Kranick,0,-0.18,SP,PIT
Max Moroff,0,-0.3,2B,STL
Max Muncy,9000000,4.865,1B,LAD
Max Scherzer,34503480,-0.715,SP,WSN
Max Schrock,0,0.03,RP,CIN
Max Stassi,1600000,2.345,C,LAA
Merrill Kelly,4250000,-0.13,SP,ARI
Michael A. Taylor,1750000,2.245,CF,KCR
Michael Brantley,16000000,2.34,LF,HOU
Michael Chavis,0,-0.14999999999999997,2B,BOS
Michael Conforto,12250000,1.12,RF,NYM
Michael Feliz,1000000,0,RP,CIN
Michael Fulmer,3100000,0,RP,DET
Michael King,0,0,RP,NYY
Michael Kopech,0,-0.005,RP,CHW
Michael Lorenzen,4430000,0,RP,CIN
Michael Perez,0,-0.82,C,PIT
Michael Pineda,10000000,-0.04,SP,MIN
Michael Rucker,0,-0.005,RP,CHC
Michael Wacha,3000000,-0.015,SP,TBR
Mickey Jannis,0,0,RP,BAL
Mickey Moniak,0,-0.32,CF,PHI
Miguel Aguilar,0,0,RP,ARI
Miguel Andujar,0,-0.19,LF,NYY
Miguel Cabrera,30000000,-0.605,DH,DET
Miguel Castro,1688000,0,RP,NYM
Miguel Del Pozo,0,0,RP,DET
Miguel Diaz,0,-0.025,RP,SDP
Miguel Rojas,5000000,2.395,SS,MIA
Miguel Sanchez,0,0.005,RP,MIL
Miguel Sano,11000000,0.825,1B,MIN
Miguel Yajure,0,-0.015,SP,PIT
Mike Baumann,0,0,RP,BAL
Mike Brosseau,0,0.455,2B,TBR
Mike Fiers,0,0,SP,OAK
Mike Foltynewicz,0,-0.01,SP,TEX
Mike Ford,0,-0.245,1B,NYY
Mike Freeman,0,-0.38,RP,CIN
Mike Kickham,0,0,RP,LAD
Mike Mayers,1200000,0,RP,LAA
Mike Minor,7000000,-0.09,SP,KCR
Mike Moustakas,14000000,-0.75,3B,CIN
Mike Tauchman,0,0.025,RP,SFG
Mike Trout,37116667,2.01,CF,LAA
Mike Wright Jr.,0,0,RP,CHW
Mike Yastrzemski,0,2.49,RF,SFG
Mike Zunino,2000000,4.125,C,TBR
Miles Mikolas,17000000,-0.08,SP,STL
Mitch Garver,1875000,2.135,C,MIN
Mitch Haniger,3010000,2.79,RF,SEA
Mitch Keller,0,0,SP,PIT
Mitch Moreland,2250000,-0.1,RP,OAK
Mitch White,0,-0.115,RP,LAD
Monte Harrison,0,0.045,CF,MIA
Mookie Betts,22916667,3.825,RF,LAD
Mychal Givens,4050000,0,RP,COL
Myles Straw,0,3.3099999999999996,CF,HOU
Nabil Crismatt,0,-0.095,RP,SDP
Nate Jones,100000,-0.005,RP,ATL
Nate Pearson,0,0,RP,TOR
Nathan Eovaldi,17000000,0.02,SP,BOS
Nathaniel Lowe,0,2.03,1B,TEX
Neftali Feliz,0,0,RP,LAD
Nelson Cruz,13000000,2.265,DH,MIN
Nestor Cortes,0,-0.01,SP,NYY
Nick Ahmed,7875000,0.985,SS,ARI
Nick Allgeyer,0,0,RP,TOR
Nick Anderson,0,0,RP,TBR
Nick Castellanos,14000000,3.47,RF,CIN
Nick Ciuffo,0,0.03,C,BAL
Nick Fortes,0,0.27,C,MIA
Nick Gordon,0,0.03,CF,MIN
Nick Heath,0,-0.325,CF,ARI
Nick Madrigal,0,1.255,2B,CHW
Nick Margevicius,0,0,SP,SEA
Nick Maton,0,0.225,RP,PHI
Nick Mears,0,-0.005,RP,PIT
Nick Neidert,0,-0.08,SP,MIA
Nick Nelson,0,0,RP,NYY
Nick Pivetta,0,-0.01,SP,BOS
Nick Ramirez,0,-0.015,RP,SDP
Nick Sandlin,0,0,RP,CLE
Nick Senzel,0,-0.305,CF,CIN
Nick Solak,0,1.115,2B,TEX
Nick Tropeano,100000,-0.005,RP,SFG
Nick Vincent,0,0,RP,MIN
Nick Williams,0,-0.24,LF,CHW
Nick Wittgren,2000000,0,RP,CLE
Nicklaus Snyder,0,0,RP,TEX
Nicky Lopez,0,5.13,SS,KCR
Nico Hoerner,0,1.285,2B,CHC
Niko Goodrum,2100000,0.315,SS,DET
Nivaldo Rodriguez,0,0,RP,HOU
Noah Syndergaard,9700000,0,SP,NYM
Noe Ramirez,0,0,RP,ARI
Nolan Arenado,35000000,4.12,3B,STL
Nomar Mazara,1750000,-0.355,RF,DET
Odubel Herrera,10350000,1.59,CF,PHI
Oliver Ortega,0,0,RP,LAA
Oliver Perez,100000,0,RP,CLE
Omar Narvaez,2500000,2.12,C,MIL
Oneil Cruz,0,0.105,SS,PIT
Oscar Mercado,0,0.7,LF,CLE
Owen Miller,0,-1.055,2B,CLE
Ozzie Albies,3000000,3.63242236,2B,ATL
P.J. Higgins,0,-0.34,C,CHC
Pablo Lopez,0,-0.165,SP,MIA
Pablo Reyes,0,0.47,3B,MIL
Packy Naughton,0,-0.005,SP,LAA
Paolo Espino,0,0.065,SP,WSN
Pat Valaika,875000,-1.405,RP,BAL
Patrick Corbin,24416667,0.045,SP,WSN
Patrick Mazeika,0,-0.12,C,NYM
Patrick Murphy,0,-0.005,RP,WSN
Patrick Sandoval,0,0.02,SP,LAA
Patrick Weigel,0,0,RP,MIL
Patrick Wisdom,0,2.205,3B,CHC
Paul Blackburn,0,0,SP,OAK
Paul Campbell,0,-0.08,RP,MIA
Paul DeJong,4166667,1.505,SS,STL
Paul Fry,0,0,RP,BAL
Paul Goldschmidt,26000000,5.57,1B,STL
Paul Sewald,0,0,RP,SEA
Pavin Smith,0,-0.065,1B,ARI
Payton Henry,0,0.01,C,MIA
Pedro Avila,0,-0.005,SP,SDP
Pedro Baez,4750000,0,RP,HOU
Pedro Severino,1825000,0.425,C,BAL
Pedro Strop,100000,0,RP,CHC
Pete Alonso,0,3.73,1B,NYM
Pete Fairbanks,0,0,RP,TBR
Pete Kozma,0,0.045,SS,OAK
Peter Lambert,0,-0.015093168,SP,COL
Peter Solomon,0,0,RP,HOU
Phil Bickford,0,0.03,RP,LAD
Phil Gosselin,570500,-0.215,LF,LAA
Phil Maton,975000,-0.005,RP,CLE
Phillip Evans,0,-0.535,RP,PIT
Phillips Valdez,0,0,RP,BOS
Pierce Johnson,2000000,0,RP,SDP
Preston Guilmet,0,0,RP,MIA
R.J. Alaniz,0,-0.005,RP,CIN
Rafael Devers,4575000,3.91,3B,BOS
Rafael Dolis,1500000,0,RP,TOR
Rafael Marchan,0,0.12,C,PHI
Rafael Montero,2250000,0,RP,SEA
Rafael Ortega,0,1.685,CF,CHC
Raimel Tapia,1950000,0.845217391,LF,COL
Raisel Iglesias,0,0,RP,LAA
Ralph Garza,0,0,RP,MIN
Ramon Laureano,0,2.125,CF,OAK
Ramon Rosso,0,0.01,RP,PHI
Ramon Urias,0,1.51,SS,BAL
Randal Grichuk,10333333,0.345,CF,TOR
Randy Arozarena,0,3.995,LF,TBR
Randy Dobnak,700000,0,RP,MIN
Ranger Suarez,0,0.205,RP,PHI
Raynel Espinal,0,0,RP,BOS
Reese McGuire,0,0.815,C,TOR
Reid Detmers,0,0.02,SP,LAA
Reiss Knehr,0,-0.105,RP,SDP
Reiver Sanmartin,0,-0.09,SP,CIN
Renato Nunez,570500,-0.235,1B,DET
Rene Rivera,0,-0.009999999999999998,C,CLE
Rex Brothers,850000,-0.01,RP,CHC
Reyes Moronta,695000,0,RP,SFG
Reymin Guduan,0,0,RP,OAK
Reynaldo Lopez,2100000,0,RP,CHW
Rhys Hoskins,4800000,1.975,1B,PHI
Rich Hill,2500000,-0.115,SP,TBR
Richard Bleier,1425000,0.01,RP,MIA
Richard Lovelady,0,0,RP,KCR
Richard Rodriguez,1700000,0,RP,PIT
Richie Martin,0,-0.89,SS,BAL
Riley Adams,0,0.305,C,WSN
Riley O'Brien,0,0,SP,CIN
Riley Smith,0,-0.155,RP,ARI
Roansy Contreras,0,0,SP,PIT
Rob Brantly,0,-0.09,C,NYY
Rob Refsnyder,0,0.095,CF,MIN
Robbie Grossman,5000000,2.63,LF,DET
Robbie Ray,8000000,-0.08,SP,TOR
Robel Garcia,0,-0.845,RP,HOU
Robert Dugger,0,0,RP,SEA
Robert Gsellman,1300000,-0.005,RP,NYM
Robert Stephenson,805000,0,RP,COL
Robert Stock,0,-0.02,SP,NYM
Roberto Perez,5500000,-0.155,C,CLE
Robinson Chirinos,0,0.33,C,CHC
Rodolfo Castro,0,-0.245,2B,PIT
Roel Ramirez,0,0,RP,STL
Roman Quinn,0,0.265,CF,PHI
Romy Gonzalez,0,-0.05,RP,CHW
Ronald Acuna Jr.,5000000,3.959440994,RF,ATL
Ronald Bolanos,0,0,RP,KCR
Ronald Guzman,0,-0.205,1B,TEX
Ronald Torreyes,0,0.46,RP,PHI
Ronnie Dawson,0,-0.08,DH,HOU
Rony Garcia,0,-0.005,RP,DET
Ross Detwiler,850000,0.015,RP,MIA
Ross Stripling,3000000,-0.085,SP,TOR
Rougned Odor,12333333,0.865,2B,NYY
Rowan Wick,0,0,RP,CHC
Rowdy Tellez,0,-0.39,1B,MIL
Ryan Borucki,0,0,RP,TOR
Ryan Brasier,1250000,0,RP,BOS
Ryan Buchter,100000,0,RP,ARI
Ryan Burr,0,0,RP,CHW
Ryan Castellani,0,-0.005031056,SP,COL
Ryan Dorow,0,-0.105,3B,TEX
Ryan Feltner,0,-0.005031056,SP,COL
Ryan Hartman,0,0,RP,HOU
Ryan Helsley,0,0,RP,STL
Ryan Hendrix,0,-0.005,RP,CIN
Ryan Jeffers,0,0.62,C,MIN
Ryan LaMarre,0,0.035,LF,NYY
Ryan Lavarnway,100000,0,C,CLE
Ryan McKenna,0,-0.045,LF,BAL
Ryan McMahon,2375000,3.255093168,3B,COL
Ryan Meisinger,0,0,RP,CHC
Ryan Mountcastle,0,0.75,1B,BAL
Ryan O'Hearn,0,-0.86,DH,KCR
Ryan Pressly,8750000,0,RP,HOU
Ryan Sherriff,0,0,RP,TBR
Ryan Tepera,800000,0,RP,CHC
Ryan Thompson,0,0,RP,TBR
Ryan Vilade,0,-0.11068323,LF,COL
Ryan Weathers,0,0.12,SP,SDP
Ryan Weber,0,0,RP,SEA
Ryan Yarbrough,2300000,-0.02,SP,TBR
Ryne Harper,0,-0.01,RP,WSN
Ryne Stanek,1100000,0,RP,HOU
Sal Romano,0,-0.015,RP,CIN
Salvador Perez,14200000,4.345,C,KCR
Sam Clay,0,-0.01,RP,WSN
Sam Coonrod,0,-0.005,RP,PHI
Sam Haggerty,0,-0.375,LF,SEA
Sam Hentges,0,-0.005,RP,CLE
Sam Hilliard,0,0.598695652,CF,COL
Sam Howard,0,0,RP,PIT
Sam Long,0,-0.02,RP,SFG
Sam Moll,0,0,RP,OAK
Sam Selman,0,-0.005,RP,LAA
Sandy Alcantara,0,-0.275,SP,MIA
Sandy Leon,1250000,-0.68,RP,MIA
Santiago Espinal,0,2.2,3B,TOR
Scott Alexander,1000000,0,RP,LAD
Scott Barlow,0,0,RP,KCR
Scott Blewett,0,0,RP,KCR
Scott Effross,0,-0.005,RP,CHC
Scott Hurst,0,-0.11,CF,STL
Scott Kazmir,100000,-0.02,SP,SFG
Scott Schebler,0,-0.375,CF,LAA
Sean Doolittle,1500000,0,RP,CIN
Sean Guenther,0,0,RP,MIA
Sean Manaea,5950000,0.18,SP,OAK
Sean Murphy,0,3.01,C,OAK
Sean Newcomb,0,-0.015093168,RP,ATL
Sean Nolin,0,-0.085,SP,WSN
Sean Poppen,0,-0.005,RP,ARI
Sean Reid-Foley,0,0.095,RP,NYM
Sebastian Rivero,0,-0.225,C,KCR
Seby Zavala,0,-0.07,C,CHW
Seranthony Dominguez,728000,0,RP,PHI
Sergio Alcantara,0,0.69,RP,CHC
Sergio Romo,2250000,0,RP,OAK
Seth Beer,0,0.11,DH,ARI
Seth Brown,0,1.32,RF,OAK
Seth Elledge,0,-0.01,RP,STL
Seth Frankoff,0,0.005,SP,ARI
Seth Lugo,2900000,0.045,RP,NYM
Seth Martinez,0,0,RP,HOU
Shane Baz,0,0,SP,TBR
Shane Bieber,0,-0.075,SP,CLE
Shane Greene,0,0,RP,ATL
Shane McClanahan,0,0,SP,TBR
Shaun Anderson,0,0,RP,BAL
Shawn Armstrong,825000,0,RP,BAL
Shawn Morimando,0,-0.015,RP,MIA
Shea Spitzbarth,0,0,RP,PIT
Shed Long Jr.,0,-0.425,LF,SEA
Shelby Miller,100000,-0.005,RP,PIT
Sheldon Neuse,0,-0.49,2B,LAD
Shogo Akiyama,7000000,-0.845,CF,CIN
Shohei Ohtani,3000000,5.015,DH,LAA
Skye Bolt,0,-0.65,CF,OAK
Sonny Gray,10166667,-0.04,SP,CIN
Spencer Howard,0,0.125,SP,PHI
Spencer Patton,570500,0,RP,TEX
Spencer Strider,0,-0.010062112,RP,ATL
Spencer Turnbull,0,0,SP,DET
Spenser Watkins,0,0,SP,BAL
Starlin Castro,7000000,0.895,3B,WSN
Starling Marte,12500000,5.115,CF,MIA
Stefan Crichton,0,0,RP,ARI
Stephen Gonsalves,0,0,RP,BOS
Stephen Nogosek,0,-0.005,RP,NYM
Stephen Piscotty,7583334,-0.575,RF,OAK
Stephen Ridings,0,0,RP,NYY
Stephen Strasburg,35000000,0.105,SP,WSN
Stephen Tarpley,0,0,RP,NYM
Stephen Vogt,3500000,-0.02661490700000002,C,ARI
Steve Cishek,1000000,0,RP,LAA
Steven Brault,2050000,0.02,SP,PIT
Steven Duggar,0,2,CF,SFG
Steven Matz,0,-0.01,SP,TOR
Steven Okert,0,-0.02,RP,MIA
Steven Souza Jr.,0,-0.23,RF,LAD
Stevie Wilkerson,0,-0.59,RP,BAL
Stuart Fairchild,0,-0.06,CF,ARI
T.J. McFarland,0,0,RP,STL
T.J. Zeuch,0,0,SP,TOR
Taijuan Walker,10000000,-0.025,SP,NYM
Tanner Anderson,0,-0.025,RP,PIT
Tanner Houck,0,-0.005,SP,BOS
Tanner Rainey,0,0,RP,WSN
Tanner Roark,12000000,0,RP,TOR
Tanner Scott,0,0,RP,BAL
Tarik Skubal,0,-0.015,SP,DET
Tayler Saucedo,0,0,RP,TOR
Taylor Clarke,0,0.025,RP,ARI
Taylor Davis,0,0.09,C,PIT
Taylor Gushue,0,-0.105,C,CHC
Taylor Hearn,0,0,RP,TEX
Taylor Jones,0,0.045,1B,HOU
Taylor Rogers,6000000,0,RP,MIN
Taylor Trammell,0,-0.065,CF,SEA
Taylor Walls,0,0.94,SS,TBR
Taylor Ward,0,0.63,RF,LAA
Taylor Widener,0,-0.085,SP,ARI
Taylor Williams,0,0,RP,MIA
Tejay Antone,0,0.005,RP,CIN
Teoscar Hernandez,4320000,4.035,RF,TOR
Thairo Estrada,0,0.88,SS,SFG
Thomas Eshelman,0,-0.005,SP,BAL
Thomas Hatch,0,0,SP,TOR
Thomas Szapucki,0,-0.005,RP,NYM
Tim Anderson,7250000,4.755,SS,CHW
Tim Hill,0,0,RP,SDP
Tim Locastro,0,-0.7799999999999999,CF,ARI
Tim Mayza,0,0,RP,TOR
TJ Friedl,0,-0.01,CF,CIN
Todd Frazier,100000,-0.395,1B,PIT
Tom Murphy,875000,0.965,C,SEA
Tomás Nido,0,0.625,C,NYM
Tommy Edman,0,3.18,2B,STL
Tommy Hunter,2250000,0.08,RP,NYM
Tommy La Stella,2000000,0.38,2B,SFG
Tommy Milone,570500,0,RP,TOR
Tommy Nance,0,-0.01,RP,CHC
Tommy Pham,8900000,1.24,LF,SDP
Tony Gonsolin,0,0.085,SP,LAD
Tony Kemp,1050000,3.19,2B,OAK
Tony Santillan,0,0.01,RP,CIN
Tony Watson,1000000,-0.005,RP,LAA
Tony Wolters,800000,-0.245,C,CHC
Touki Toussaint,0,-0.105652174,SP,ATL
Travis Bergen,0,0,RP,TOR
Travis d'Arnaud,8000000,0.39242236,C,ATL
Travis Jankowski,570500,0.39,CF,PHI
Travis Lakins Sr.,0,0,RP,BAL
Travis Shaw,1500000,-0.51,3B,MIL
Trayce Thompson,0,0.48,RF,CHC
Trea Turner,13000000,6.645,SS,WSN
Trent Giambrone,0,-0.16,2B,CHC
Trent Grisham,0,2.73,CF,SDP
Trent Thornton,0,0,RP,TOR
Tres Barrera,0,0.53,C,WSN
Trevor Bauer,40000000,-0.23,SP,LAD
Trevor Cahill,1500000,-0.015,SP,PIT
Trevor Hildenberger,0,0,RP,NYM
Trevor Larnach,0,0.475,LF,MIN
Trevor May,7750000,0,RP,NYM
Trevor Megill,0,0,RP,CHC
Trevor Richards,0,0.025,RP,TOR
Trevor Rogers,0,-0.18,SP,MIA
Trevor Stephan,0,0,RP,CLE
Trevor Story,18500000,3.526770186,SS,COL
Trevor Williams,2500000,0.09999999999999999,SP,CHC
Trey Amburgey,0,-0.075,RF,NYY
Trey Mancini,4750000,0.7,1B,BAL
Triston McKenzie,0,0.075,SP,CLE
Troy Stokes Jr.,0,-0.035,RF,PIT
Tucker Barnhart,4187500,0.705,C,CIN
Tucker Davidson,0,-0.08552795,SP,ATL
Ty France,0,3.72,1B,SEA
Ty Tice,0,0,RP,TOR
Tyler Alexander,0,-0.01,RP,DET
Tyler Anderson,2500000,0.004999999999999999,SP,PIT
Tyler Beede,0,0,RP,SFG
Tyler Chatwood,3000000,-0.005,RP,TOR
Tyler Clippard,1750000,0,RP,ARI
Tyler Duffey,2200000,0,RP,MIN
Tyler Gilbert,0,-0.1,SP,ARI
Tyler Glasnow,4000000,-0.01,SP,TBR
Tyler Ivey,0,0,SP,HOU
Tyler Kinley,0,0,RP,COL
Tyler Mahle,2200000,-0.33,SP,CIN
Tyler Matzek,0,0,RP,ATL
Tyler Naquin,1500000,1.03,CF,CIN
Tyler Nevin,0,0.12,LF,BAL
Tyler O'Neill,0,5.98,LF,STL
Tyler Payne,0,-0.025,C,CHC
Tyler Rogers,0,0,RP,SFG
Tyler Stephenson,0,1.955,C,CIN
Tyler Wade,0,0.425,SS,NYY
Tyler Webb,0,-0.005,RP,STL
Tyler Wells,0,0,RP,BAL
Tyler Zuber,0,-0.005,RP,KCR
Tylor Megill,0,0.28,SP,NYM
Tyrone Taylor,0,1.46,LF,MIL
Tzu-Wei Lin,0,0,LF,MIN
Victor Caratini,1300000,-0.315,C,SDP
Victor Gonzalez,0,0,RP,LAD
Victor Reyes,0,0.13,RF,DET
Victor Robles,0,-0.295,CF,WSN
Vidal Brujan,0,-0.51,2B,TBR
Vimael Machin,0,-0.415,SS,OAK
Vince Velasquez,4000000,0.0049999999999999906,SP,PHI
Vinny Nittoli,0,0,RP,SEA
Vladimir Guerrero Jr.,0,6.555,1B,TOR
Vladimir Gutiérrez,0,-0.12,SP,CIN
Wade Davis,1250000,0,RP,KCR
Wade LeBlanc,700000,-0.12,SP,STL
Wade Miley,8000000,0.295,SP,CIN
Walker Buehler,3750000,0.055,SP,LAD
Wander Franco,0,2.955,SS,TBR
Wander Suero,0,-0.005,RP,WSN
Wandy Peralta,925000,0,RP,NYY
Webster Rivas,0,0.14,C,SDP
Wes Benjamin,0,0,RP,TEX
Whit Merrifield,6750000,3.36,2B,KCR
Wil Crowe,0,-0.14,SP,PIT
Wil Myers,22500000,1.42,RF,SDP
Wilfredo Tovar,0,-0.04,2B,NYM
Will Craig,0,-0.53,1B,PIT
Will Harris,8000000,0,RP,WSN
Will Smith,13000000,4.04,RP,LAD
Will Vest,0,0,RP,SEA
Willi Castro,0,-0.38,2B,DET
William Contreras,0,0.010062112,C,ATL
Willians Astudillo,0,-0.775,RP,MIN
Willie Calhoun,0,-0.45,LF,TEX
Willson Contreras,6650000,3.085,C,CHC
Willy Adames,0,3.685,SS,MIL
Wilmer Difo,0,0.07,RP,PIT
Wilmer Flores,3000000,1.635,3B,SFG
Wilson Ramos,2000000,-0.35,C,DET
Wily Peralta,1500000,0.005,SP,DET
Wyatt Mathisen,0,-0.28,RP,ARI
Wyatt Mills,0,0,RP,SEA
Xander Bogaerts,20000000,4.64,SS,BOS
Yacksel Rios,0,0,RP,BOS
Yadier Molina,9000000,1.38,C,STL
Yairo Munoz,0,-0.245,2B,BOS
Yan Gomes,6000000,2.025,C,WSN
Yandy Díaz,0,1.765,1B,TBR
Yasmani Grandal,18250000,3.715,C,CHW
Yefry Ramirez,0,-0.015,RP,LAD
Yency Almonte,0,-0.020124224,RP,COL
Yennsy Díaz,0,-0.005,RP,NYM
Yermin Mercedes,0,0.335,RP,CHW
Yimi Garcia,1900000,0,RP,MIA
Yoan López,0,0,RP,ARI
Yoan Moncada,6800000,4.07,3B,CHW
Yohan Ramirez,0,0,RP,SEA
Yohel Pozo,0,-0.09,DH,TEX
Yonathan Daza,0,0.347142857,CF,COL
Yonny Hernandez,0,0.555,3B,TEX
Yordan Álvarez,0,3.42,DH,HOU
Yoshi Tsutsugo,7000000,-0.4,1B,PIT
Yu Chang,0,0.425,1B,CLE
Yu Darvish,0,-0.08,SP,SDP
Yuli Gurriel,6500000,3.51,1B,HOU
Yusei Kikuchi,17000000,-0.01,SP,SEA
Yusmeiro Petit,2550000,0,RP,OAK
Zac Gallen,0,0.205,SP,ARI
Zac Lowther,0,0,SP,BAL
Zac Rosscup,0,0,RP,COL
Zach Davies,8630000,0.07,SP,CHC
Zach Eflin,4450000,-0.3,SP,PHI
Zach McKinstry,0,-0.57,RF,LAD
Zach Plesac,0,0,SP,CLE
Zach Pop,0,-0.01,RP,MIA
Zach Reks,0,-0.145,LF,LAD
Zach Thompson,0,0.005,SP,MIA
Zack Britton,13000000,0,RP,NYY
Zack Burdi,0,0,RP,CHW
Zack Collins,0,-0.6,C,CHW
Zack Godley,100000,0.01,SP,MIL
Zack Greinke,35000000,-0.01,SP,HOU
Zack Littell,570500,0.015,RP,SFG
Zack Short,0,-0.74,SS,DET
Zack Wheeler,22500000,0.115,SP,PHI
